date,temp_max,temp_min,temp_mean,precipitation,ma7,ma30,day_over_day_change,rolling_std_30
2023-01-01,1.7,-5.9,-2.5,0.0,-2.5,-2.5,,
2023-01-02,-2.0,-8.6,-6.0,0.0,-4.25,-4.25,-3.5,2.4748737341529163
2023-01-03,-1.5,-9.2,-6.3,0.0,-4.933333333333334,-4.933333333333334,-0.2999999999999998,2.1126602503321097
2023-01-04,1.6,-7.2,-4.2,0.0,-4.75,-4.75,2.0999999999999996,1.7635192088548397
2023-01-05,3.2,-7.3,-3.3,0.0,-4.46,-4.46,0.9000000000000004,1.6592166826548
2023-01-06,4.7,-5.9,-1.5,4.2,-3.966666666666667,-3.966666666666667,1.7999999999999998,1.9138094645671149
2023-01-07,3.9,-4.9,0.1,0.5,-3.3857142857142857,-3.3857142857142857,1.6,2.3269640961480054
2023-01-08,5.2,-6.5,-1.1,0.0,-3.185714285714286,-3.1,-1.2000000000000002,2.3009314883945837
2023-01-09,5.0,-4.6,1.0,0.0,-2.185714285714286,-2.6444444444444444,2.1,2.549564232918594
2023-01-10,6.2,-6.4,-1.4,0.0,-1.4857142857142855,-2.52,-2.4,2.435752222392271
2023-01-11,6.4,-5.4,-0.6,0.0,-0.9714285714285714,-2.3454545454545457,0.7999999999999999,2.382168607115641
2023-01-12,11.1,-3.2,1.7,0.0,-0.2571428571428571,-2.0083333333333333,2.3,2.5539482209221696
2023-01-13,9.9,3.1,6.1,18.0,0.8285714285714285,-1.3846153846153846,4.3999999999999995,3.322109308317572
2023-01-14,6.9,1.5,4.3,4.6,1.4285714285714286,-0.9785714285714285,-1.7999999999999998,3.534919990701252
2023-01-15,1.9,-4.6,-0.7,5.0,1.4857142857142858,-0.9600000000000001,-5.0,3.4070934407916837
2023-01-16,-3.1,-9.4,-6.2,0.0,0.457142857142857,-1.2875,-5.5,3.5426684857604163
2023-01-17,-1.6,-8.8,-5.3,0.0,-0.10000000000000002,-1.5235294117647058,0.9000000000000004,3.5655520981617816
2023-01-18,1.0,-7.3,-4.3,0.0,-0.6285714285714287,-1.6777777777777778,1.0,3.5204537734845815
2023-01-19,3.6,-8.0,-2.5,1.3,-1.2285714285714289,-1.7210526315789476,1.7999999999999998,3.4264622097513056
2023-01-20,1.5,-10.1,-4.4,0.4,-2.7285714285714286,-1.855,-1.9000000000000004,3.388443983833722
2023-01-21,-1.5,-12.1,-7.3,0.0,-4.385714285714286,-2.1142857142857143,-2.8999999999999995,3.509884002967294
2023-01-22,2.6,-6.3,-2.6,0.6,-4.6571428571428575,-2.1363636363636362,4.699999999999999,3.426861045239013
2023-01-23,4.1,-8.1,-2.0,0.0,-4.057142857142857,-2.130434782608696,0.6000000000000001,3.3481928344880307
2023-01-24,-8.9,-18.4,-14.9,0.0,-5.428571428571429,-2.6625,-12.9,4.185358797148647
2023-01-25,-8.1,-18.5,-13.3,0.0,-6.714285714285714,-3.088,1.5999999999999996,4.616665463297076
2023-01-26,-2.0,-10.3,-6.0,1.1,-7.214285714285714,-3.2,7.300000000000001,4.559298191608002
2023-01-27,-5.1,-15.8,-10.1,0.0,-8.028571428571428,-3.4555555555555553,-4.1,4.663799485508103
2023-01-28,-2.5,-12.1,-7.9,0.0,-8.114285714285716,-3.6142857142857143,2.1999999999999993,4.6530527045048045
2023-01-29,4.0,-9.6,-4.1,0.4,-8.328571428571427,-3.6310344827586207,3.8000000000000007,4.570097173730543
2023-01-30,2.4,-6.5,-3.2,0.0,-8.5,-3.6166666666666667,0.8999999999999995,4.491300658962324
2023-01-31,7.4,-5.7,-0.0,0.2,-6.371428571428572,-3.533333333333333,3.2,4.5357076270589705
2023-02-01,3.5,-4.8,-0.3,0.0,-4.514285714285714,-3.3433333333333333,-0.3,4.548185188154406
2023-02-02,0.5,-6.1,-3.6,0.0,-4.171428571428572,-3.2533333333333334,-3.3000000000000003,4.514248196722152
2023-02-03,1.8,-5.0,-3.1,0.0,-3.1714285714285713,-3.216666666666667,0.5,4.510759805508215
2023-02-04,4.1,-7.0,-2.8,0.0,-2.442857142857143,-3.2,0.30000000000000027,4.511364958978985
2023-02-05,6.1,-6.1,-0.6,0.0,-1.9428571428571428,-3.1700000000000004,2.1999999999999997,4.526028174291755
2023-02-06,7.0,-4.7,-0.2,0.0,-1.5142857142857142,-3.1799999999999997,0.39999999999999997,4.518879934460416
2023-02-07,7.8,-3.1,0.8,0.0,-1.4000000000000001,-3.1166666666666667,1.0,4.562144333484007
2023-02-08,6.7,-4.7,-0.2,0.0,-1.3857142857142857,-3.1566666666666667,-1.0,4.529952677939122
2023-02-09,9.3,-5.2,1.5,0.2,-0.6571428571428573,-3.06,1.7,4.599145347891768
2023-02-10,6.4,-2.8,2.3,1.8,0.11428571428571425,-2.9633333333333334,0.7999999999999998,4.682357447308762
2023-02-11,5.1,-4.8,-0.6,0.0,0.4285714285714285,-3.04,-2.9,4.621807378967223
2023-02-12,8.3,-3.8,1.7,0.0,0.7571428571428571,-3.1866666666666665,2.3,4.385535262682298
2023-02-13,8.1,0.7,4.2,0.5,1.3857142857142857,-3.19,2.5,4.37968271563765
2023-02-14,6.2,-4.8,0.3,0.0,1.3142857142857143,-3.1566666666666663,-3.9000000000000004,4.403030565521838
2023-02-15,6.5,-3.4,0.7,0.0,1.442857142857143,-2.926666666666667,0.39999999999999997,4.418763544745048
2023-02-16,4.0,-3.1,0.8,0.1,1.342857142857143,-2.723333333333333,0.10000000000000009,4.446050811235963
2023-02-17,7.3,-4.4,0.8,0.0,1.1285714285714286,-2.5533333333333332,0.0,4.48105077989014
2023-02-18,8.0,-1.3,3.3,0.0,1.6857142857142855,-2.36,2.5,4.606786597903217
2023-02-19,4.6,-2.8,2.0,0.0,1.7285714285714284,-2.146666666666667,-1.2999999999999998,4.656973512792464
2023-02-20,1.2,-5.6,-2.5,0.0,0.7714285714285712,-1.9866666666666668,-4.5,4.555158752927039
2023-02-21,2.3,-6.8,-3.3,0.0,0.25714285714285706,-2.01,-0.7999999999999998,4.560198876485921
2023-02-22,5.3,-6.5,-1.8,0.0,-0.10000000000000012,-2.0033333333333334,1.4999999999999998,4.5603601894446095
2023-02-23,7.1,-5.3,0.0,0.0,-0.2142857142857144,-1.5066666666666668,1.8,3.865848109948891
2023-02-24,7.1,-2.2,1.6,0.0,-0.10000000000000009,-1.01,1.6,3.1978818420732935
2023-02-25,4.4,-5.1,-1.1,0.0,-0.7285714285714285,-0.8466666666666666,-2.7,3.0562240996246413
2023-02-26,6.7,-6.2,-0.7,0.0,-1.1142857142857143,-0.5333333333333333,0.40000000000000013,2.5074142930081615
2023-02-27,9.5,-4.6,0.5,0.0,-0.6857142857142858,-0.2533333333333333,1.2,2.090822859518488
2023-02-28,7.5,-4.9,2.2,0.0,0.09999999999999996,-0.043333333333333314,1.7000000000000002,2.0057990639786136
2023-03-01,8.3,0.7,4.5,0.3,1.0,0.21333333333333335,2.3,2.0792461056392777
2023-03-02,5.4,-4.0,0.4,0.0,1.0571428571428572,0.22666666666666668,-4.1,2.0791134273238128
2023-03-03,8.8,-4.9,1.9,0.0,1.0999999999999999,0.3,1.5,2.0986038051605864
2023-03-04,12.6,-1.3,4.3,0.0,1.8714285714285712,0.5633333333333332,2.4,2.087975976432902
2023-03-05,12.9,-2.4,4.6,0.0,2.6285714285714286,0.8200000000000001,0.2999999999999998,2.0953807982453174
2023-03-06,13.4,-2.9,5.2,0.0,3.3000000000000003,1.0866666666666664,0.6000000000000005,2.127607257855211
2023-03-07,16.3,2.9,8.4,0.0,4.185714285714286,1.3866666666666667,3.2,2.4859235893232987
2023-03-08,15.2,4.6,9.4,6.5,4.885714285714285,1.7066666666666668,1.0,2.8637970132908066
2023-03-09,11.1,4.2,8.6,0.9,6.057142857142857,1.9666666666666666,-0.8000000000000007,3.1211551059507294
2023-03-10,20.2,2.5,9.6,0.0,7.1571428571428575,2.2933333333333334,1.0,3.3880045325594956
2023-03-11,19.6,5.3,11.0,0.0,8.114285714285714,2.61,1.4000000000000004,3.7372634281027732
2023-03-12,7.5,-1.1,4.8,7.3,8.142857142857142,2.6933333333333334,-6.2,3.757928018004836
2023-03-13,5.3,-4.0,0.7,0.0,7.5,2.7366666666666664,-4.1,3.7260021409042423
2023-03-14,12.6,0.6,5.7,0.0,7.114285714285714,2.8699999999999997,5.0,3.7590488525506123
2023-03-15,13.8,3.1,7.3,0.3,6.814285714285715,2.9733333333333336,1.5999999999999996,3.8386360125416443
2023-03-16,9.1,-2.0,3.0,0.0,6.014285714285714,3.063333333333333,-4.3,3.8053033168636294
2023-03-17,10.8,-2.1,4.5,0.0,5.285714285714286,3.1899999999999995,1.5,3.787124284312253
2023-03-18,12.5,-0.6,5.7,0.0,4.5285714285714285,3.353333333333333,1.2000000000000002,3.7861574855976516
2023-03-19,12.4,-2.1,4.7,0.0,4.514285714285714,3.4833333333333334,-1.0,3.7623436691851366
2023-03-20,13.7,-0.3,6.1,0.6,5.285714285714286,3.5766666666666667,1.3999999999999995,3.792250112998909
2023-03-21,18.2,0.6,9.0,0.0,5.757142857142857,3.81,2.9000000000000004,3.905553075761001
2023-03-22,22.0,4.8,13.2,0.0,6.6000000000000005,4.333333333333333,4.199999999999999,4.078905645435774
2023-03-23,22.0,11.0,15.5,2.1,8.385714285714286,4.96,2.3000000000000007,4.303695284688297
2023-03-24,16.6,4.7,10.3,0.0,9.214285714285714,5.363333333333333,-5.199999999999999,4.21438287160834
2023-03-25,17.0,6.3,11.0,0.1,9.971428571428572,5.73,0.6999999999999993,4.2101806005984095
2023-03-26,13.0,3.5,8.3,0.0,10.485714285714284,5.953333333333333,-2.6999999999999993,4.160962532323778
2023-03-27,11.9,-0.5,5.2,0.0,10.357142857142858,6.163333333333333,-3.1000000000000005,3.946144633850156
2023-03-28,14.2,0.4,6.9,0.0,10.057142857142859,6.416666666666667,1.7000000000000002,3.728278083950335
2023-03-29,18.2,2.3,9.3,0.0,9.5,6.71,2.4000000000000004,3.5903462516721927
2023-03-30,19.8,4.0,11.1,0.0,8.871428571428572,7.006666666666666,1.799999999999999,3.5724938969406477
2023-03-31,21.9,5.4,12.3,0.0,9.157142857142858,7.266666666666667,1.200000000000001,3.6663740740102786
2023-04-01,24.3,5.2,14.9,0.0,9.714285714285714,7.75,2.5999999999999996,3.6856431619517096
2023-04-02,23.1,9.4,16.5,0.0,10.885714285714286,8.236666666666668,1.5999999999999996,3.846940865543494
2023-04-03,24.5,7.8,16.3,0.0,12.471428571428572,8.636666666666667,-0.1999999999999993,4.042403120484865
2023-04-04,20.7,11.6,15.5,8.6,13.700000000000001,9.0,-0.8000000000000007,4.155345539389494
2023-04-05,15.4,8.4,12.3,44.1,14.128571428571428,9.236666666666668,-3.1999999999999993,4.13358684799111
2023-04-06,10.8,6.9,8.9,3.0,13.814285714285715,9.253333333333332,-3.4000000000000004,4.1311043303825885
2023-04-07,13.5,2.7,7.7,0.3,13.157142857142858,9.196666666666667,-1.2000000000000002,4.140671554173339
2023-04-08,13.1,0.7,6.7,0.0,11.985714285714286,9.133333333333333,-1.0,4.164574187227257
2023-04-09,16.0,2.1,8.2,0.0,10.799999999999999,9.086666666666668,1.4999999999999991,4.1670078021271495
2023-04-10,18.0,4.1,10.6,0.0,9.985714285714286,9.073333333333334,2.4000000000000004,4.161310580469387
2023-04-11,17.3,7.8,12.1,2.2,9.5,9.316666666666666,1.5,4.115997665403762
2023-04-12,13.6,0.7,8.0,0.0,8.885714285714286,9.56,-4.1,3.79206067171018
2023-04-13,17.4,2.4,9.4,0.0,8.957142857142857,9.683333333333334,1.4000000000000004,3.7217055168327082
2023-04-14,20.0,7.6,13.1,0.6,9.728571428571428,9.876666666666667,3.6999999999999993,3.7442077872392474
2023-04-15,13.6,7.5,11.0,5.5,10.342857142857143,10.143333333333334,-2.0999999999999996,3.5154519337989263
2023-04-16,15.2,5.4,9.3,1.0,10.5,10.303333333333335,-1.6999999999999993,3.355333719291738
2023-04-17,15.6,3.3,10.2,0.1,10.442857142857141,10.453333333333331,0.8999999999999986,3.241086805095007
2023-04-18,18.8,9.3,12.4,20.2,10.485714285714286,10.71,2.200000000000001,3.07013983731844
2023-04-19,26.5,9.2,16.1,0.0,11.642857142857142,11.043333333333333,3.700000000000001,3.0951222284742568
2023-04-20,17.8,11.1,14.5,0.0,12.37142857142857,11.226666666666667,-1.6000000000000014,3.132580002372552
2023-04-21,20.6,9.3,14.8,0.0,12.614285714285714,11.28,0.3000000000000007,3.1805876707040373
2023-04-22,17.8,9.8,13.7,0.0,13.0,11.219999999999999,-1.1000000000000014,3.114526587150769
2023-04-23,20.4,8.5,14.4,0.0,13.72857142857143,11.356666666666667,0.7000000000000011,3.162352172729639
2023-04-24,20.0,9.1,13.8,0.0,14.242857142857144,11.45,-0.5999999999999996,3.1926370032439975
2023-04-25,12.5,7.3,9.8,1.5,13.87142857142857,11.5,-4.0,3.153104655021348
2023-04-26,13.9,5.5,9.4,0.5,12.914285714285715,11.640000000000002,-0.40000000000000036,2.9504646039751776
2023-04-27,18.6,3.8,10.4,0.0,12.328571428571427,11.756666666666666,1.0,2.8230190898414507
2023-04-28,20.0,6.4,13.5,2.8,12.142857142857142,11.896666666666667,3.0999999999999996,2.8010445506476156
2023-04-29,14.4,8.9,12.6,12.1,11.985714285714286,11.946666666666667,-0.9000000000000004,2.7997208399426636
2023-04-30,17.2,6.4,11.5,1.2,11.571428571428571,11.92,-1.0999999999999996,2.800049260650431
2023-05-01,18.4,7.0,12.0,0.0,11.314285714285715,11.823333333333334,0.5,2.7431021117345153
2023-05-02,23.0,6.7,14.7,0.0,12.014285714285714,11.763333333333334,2.6999999999999993,2.6555710254603295
2023-05-03,24.1,9.2,17.2,0.0,13.128571428571428,11.793333333333333,2.5,2.71305062211544
2023-05-04,26.3,12.2,19.0,0.0,14.357142857142858,11.91,1.8000000000000007,2.943414625086393
2023-05-05,20.7,15.2,18.3,59.0,15.042857142857144,12.110000000000001,-0.6999999999999993,3.1662389305795133
2023-05-06,13.3,11.0,11.8,36.9,14.928571428571429,12.206666666666669,-6.5,3.108601341254719
2023-05-07,16.3,8.6,12.6,0.0,15.085714285714285,12.37,0.7999999999999989,2.9901159013403373
2023-05-08,19.4,5.5,12.3,0.0,15.128571428571428,12.556666666666667,-0.29999999999999893,2.79219149295556
2023-05-09,19.2,6.7,13.0,0.0,14.885714285714284,12.716666666666667,0.6999999999999993,2.668731241017288
2023-05-10,22.6,7.2,14.8,0.0,14.542857142857144,12.856666666666666,1.8000000000000007,2.6640238340724007
2023-05-11,24.3,9.1,16.1,0.0,14.12857142857143,12.990000000000002,1.3000000000000007,2.7242651650775924
2023-05-12,21.6,9.6,15.1,0.0,13.671428571428569,13.226666666666667,-1.0000000000000018,2.580421421520863
2023-05-13,21.7,9.0,15.5,0.0,14.2,13.43,0.40000000000000036,2.507801620048387
2023-05-14,21.0,10.5,15.7,0.0,14.642857142857142,13.516666666666667,0.1999999999999993,2.5407144438243243
2023-05-15,25.9,10.3,17.5,0.0,15.385714285714286,13.733333333333333,1.8000000000000007,2.595265361933275
2023-05-16,27.9,14.0,20.3,0.0,16.428571428571427,14.1,2.8000000000000007,2.7213080019320475
2023-05-17,26.7,13.7,19.9,0.0,17.157142857142855,14.423333333333334,-0.40000000000000213,2.8165377784562646
2023-05-18,25.3,15.0,19.9,0.2,17.7,14.673333333333334,0.0,2.959954954612219
2023-05-19,24.9,15.6,20.4,0.0,18.457142857142856,14.816666666666666,0.5,3.130614496618335
2023-05-20,25.1,14.7,19.0,0.0,18.957142857142856,14.966666666666667,-1.3999999999999986,3.2214082734679734
2023-05-21,20.2,14.4,16.6,1.1,19.085714285714285,15.026666666666667,-2.3999999999999986,3.2349314690106645
2023-05-22,24.6,13.7,18.1,0.0,19.17142857142857,15.173333333333334,1.5,3.272237801548835
2023-05-23,24.9,12.9,18.3,0.0,18.885714285714283,15.303333333333333,0.1999999999999993,3.3176106205950626
2023-05-24,25.3,12.9,18.8,0.0,18.728571428571428,15.47,0.5,3.364741113164695
2023-05-25,24.9,12.6,18.8,0.0,18.571428571428573,15.770000000000001,0.0,3.240705542593034
2023-05-26,25.8,14.7,19.9,0.1,18.5,16.119999999999997,1.0999999999999979,3.0926386457366073
2023-05-27,19.8,16.0,18.3,24.6,18.400000000000002,16.383333333333333,-1.5999999999999979,2.9203310314643174
2023-05-28,19.7,17.7,18.6,37.4,18.685714285714287,16.553333333333335,0.3000000000000007,2.8950294302992785
2023-05-29,26.7,18.0,21.4,5.9,19.157142857142855,16.846666666666668,2.799999999999997,2.92630558346462
2023-05-30,26.0,17.9,21.3,1.6,19.585714285714285,17.173333333333332,-0.09999999999999787,2.854993608705149
2023-05-31,25.0,17.0,20.3,0.0,19.8,17.45,-1.0,2.7360618565300654
2023-06-01,24.4,17.0,20.6,1.1,20.057142857142857,17.646666666666665,0.3000000000000007,2.743611178511034
2023-06-02,23.4,15.8,18.8,0.7,19.900000000000002,17.7,-1.8000000000000007,2.7501724083886447
2023-06-03,25.5,14.2,19.5,0.0,20.071428571428573,17.716666666666665,0.6999999999999993,2.7598205005765193
2023-06-04,24.0,14.1,18.8,0.0,20.099999999999998,17.733333333333334,-0.6999999999999993,2.764969705306823
2023-06-05,22.5,14.7,18.8,0.0,19.72857142857143,17.966666666666665,0.0,2.53259214807791
2023-06-06,22.5,14.6,18.4,0.0,19.314285714285713,18.160000000000004,-0.40000000000000213,2.3213551333590794
2023-06-07,24.8,16.3,20.0,0.4,19.271428571428572,18.416666666666668,1.6000000000000014,2.0623193059127307
2023-06-08,22.7,16.9,19.2,20.8,19.071428571428573,18.62333333333333,-0.8000000000000007,1.7939906072359224
2023-06-09,25.8,16.4,20.7,3.1,19.342857142857138,18.82,1.5,1.6801888235429852
2023-06-10,27.4,18.1,21.1,26.1,19.571428571428573,18.986666666666668,0.40000000000000213,1.6487682619486996
2023-06-11,23.3,17.0,20.2,15.5,19.771428571428572,19.156666666666663,-0.9000000000000021,1.4894301926746065
2023-06-12,25.4,17.2,20.9,0.7,20.071428571428573,19.336666666666662,0.6999999999999993,1.3522607719676112
2023-06-13,23.7,16.9,20.0,0.5,20.3,19.48,-0.8999999999999986,1.1689665344315168
2023-06-14,24.7,14.3,19.9,2.7,20.285714285714285,19.560000000000002,-0.10000000000000142,1.1093956105419727
2023-06-15,25.6,15.9,20.5,0.9,20.47142857142857,19.566666666666666,0.6000000000000014,1.1145846089798899
2023-06-16,25.8,16.6,20.9,0.0,20.5,19.6,0.3999999999999986,1.1395703969721722
2023-06-17,27.9,16.0,21.4,0.0,20.542857142857144,19.65,0.5,1.185181493448972
2023-06-18,29.3,18.4,23.1,0.0,20.957142857142856,19.740000000000002,1.7000000000000028,1.3369032668176597
2023-06-19,33.9,20.3,26.3,0.0,21.728571428571428,19.983333333333334,3.1999999999999993,1.786362772233887
2023-06-20,25.9,20.4,23.0,4.9,22.157142857142855,20.196666666666665,-3.3000000000000007,1.7501691215488697
2023-06-21,24.0,19.0,21.0,35.7,22.314285714285713,20.293333333333333,-2.0,1.70999764737357
2023-06-22,24.4,15.1,20.0,1.4,22.24285714285714,20.35,-1.0,1.6693484171769508
2023-06-23,27.7,18.1,22.1,0.1,22.414285714285715,20.459999999999997,2.1000000000000014,1.6724130821186307
2023-06-24,28.3,20.4,24.2,0.1,22.814285714285717,20.64,2.099999999999998,1.775037639231861
2023-06-25,31.4,19.8,25.4,0.0,23.142857142857142,20.823333333333334,1.1999999999999993,1.9693659636671752
2023-06-26,26.1,21.2,23.1,43.8,22.685714285714287,20.983333333333334,-2.299999999999997,1.952201822052003
2023-06-27,27.3,20.4,23.5,3.2,22.75714285714286,21.14666666666667,0.3999999999999986,1.9509031212507513
2023-06-28,28.1,20.9,24.0,2.1,23.185714285714287,21.233333333333334,0.5,2.0191041600659387
2023-06-29,24.5,22.3,23.1,45.8,23.62857142857143,21.293333333333333,-0.8999999999999986,2.047695649080827
2023-06-30,26.8,21.8,24.0,10.7,23.900000000000002,21.416666666666668,0.8999999999999986,2.096644829299915
2023-07-01,31.3,21.4,25.5,0.2,24.085714285714285,21.58,1.5,2.218169484523027
2023-07-02,29.0,21.1,24.3,0.2,23.928571428571427,21.763333333333332,-1.1999999999999993,2.2077423846050968
2023-07-03,32.6,21.3,26.8,0.1,24.457142857142856,22.006666666666664,2.5,2.3475494682215583
2023-07-04,28.0,22.6,24.9,29.6,24.657142857142855,22.209999999999997,-1.9000000000000021,2.324287061622936
2023-07-05,26.2,21.0,23.4,19.6,24.571428571428573,22.363333333333337,-1.5,2.2418408896959754
2023-07-06,30.0,20.6,25.1,0.0,24.857142857142858,22.586666666666662,1.7000000000000028,2.16583715332267
2023-07-07,29.9,20.9,24.7,0.0,24.957142857142856,22.743333333333332,-0.40000000000000213,2.1421361129575747
2023-07-08,28.9,19.7,23.8,0.5,24.714285714285715,22.896666666666665,-0.8999999999999986,2.0420549712844007
2023-07-09,26.1,22.2,23.7,37.3,24.628571428571426,22.996666666666666,-0.10000000000000142,2.0038726873548245
2023-07-10,29.0,21.1,24.8,6.2,24.342857142857145,23.119999999999997,1.1000000000000014,1.996963211720669
2023-07-11,24.1,20.9,23.0,41.1,24.071428571428573,23.21333333333333,-1.8000000000000007,1.9197222021254916
2023-07-12,28.1,21.7,24.8,2.8,24.27142857142857,23.343333333333337,1.8000000000000007,1.8894778211934178
2023-07-13,25.7,23.3,24.3,48.1,24.157142857142855,23.486666666666668,-0.5,1.7874530779148705
2023-07-14,25.6,23.5,24.4,56.5,24.114285714285717,23.636666666666663,0.09999999999999787,1.6603870203875613
2023-07-15,26.0,23.0,24.1,35.8,24.157142857142855,23.756666666666664,-0.29999999999999716,1.5524581916373241
2023-07-16,25.6,22.4,23.6,1.7,24.142857142857142,23.846666666666668,-0.5,1.4564324228398218
2023-07-17,26.0,22.0,23.9,4.4,24.014285714285712,23.93,0.29999999999999716,1.3811913897692232
2023-07-18,25.5,22.1,23.8,15.5,24.12857142857143,23.953333333333333,-0.09999999999999787,1.3725720465566573
2023-07-19,30.5,21.5,25.2,0.1,24.185714285714287,23.916666666666668,1.3999999999999986,1.3214629649809775
2023-07-20,30.9,21.0,25.6,0.0,24.37142857142857,24.003333333333334,0.40000000000000213,1.3443325053935489
2023-07-21,32.0,22.0,27.1,0.1,24.75714285714286,24.206666666666667,1.5,1.335699050693387
2023-07-22,30.2,24.0,26.3,10.4,25.071428571428573,24.416666666666668,-0.8000000000000007,1.1310914269377972
2023-07-23,26.2,23.5,24.6,44.3,25.214285714285715,24.5,-1.6999999999999993,1.0432046117944427
2023-07-24,29.0,23.1,25.3,14.8,25.414285714285715,24.536666666666665,0.6999999999999993,1.0515943013885498
2023-07-25,28.6,22.4,25.2,13.1,25.614285714285717,24.529999999999998,-0.10000000000000142,1.0465542805173529
2023-07-26,28.9,22.3,24.8,30.4,25.557142857142857,24.586666666666662,-0.3999999999999986,1.0119061334870616
2023-07-27,30.8,22.0,25.7,2.3,25.571428571428573,24.66,0.8999999999999986,1.01015533117619
2023-07-28,32.0,22.7,27.1,2.2,25.571428571428573,24.763333333333332,1.4000000000000021,1.0952824650112638
2023-07-29,31.4,24.5,27.6,0.2,25.75714285714286,24.913333333333338,0.5,1.1655199619094598
2023-07-30,33.1,22.7,27.6,0.1,26.185714285714283,25.033333333333335,0.0,1.2504711755653446
2023-07-31,31.4,23.5,27.2,0.3,26.45714285714286,25.09,-0.40000000000000213,1.309474756507841
2023-08-01,32.5,23.9,28.1,0.3,26.87142857142857,25.216666666666665,0.9000000000000021,1.410327262909565
2023-08-02,31.0,24.1,27.3,0.0,27.22857142857143,25.233333333333334,-0.8000000000000007,1.4324643182253247
2023-08-03,31.0,22.4,26.7,0.0,27.371428571428574,25.293333333333337,-0.6000000000000014,1.4555324498766482
2023-08-04,32.1,23.5,27.8,0.0,27.47142857142857,25.439999999999998,1.1000000000000014,1.4796551322335447
2023-08-05,33.6,23.4,27.9,0.0,27.514285714285712,25.533333333333335,0.09999999999999787,1.5443631280448942
2023-08-06,31.9,24.6,28.2,11.0,27.6,25.65,0.3000000000000007,1.6100439060195189
2023-08-07,32.7,24.4,28.2,3.5,27.74285714285714,25.79666666666667,0.0,1.6359081277073901
2023-08-08,33.7,23.2,28.2,3.1,27.757142857142856,25.946666666666665,0.0,1.6433215592593826
2023-08-09,31.4,24.0,27.0,2.5,27.714285714285715,26.02,-1.1999999999999993,1.63947005735566
2023-08-10,24.0,20.5,22.0,74.6,27.04285714285714,25.986666666666668,-5.0,1.7115698245669293
2023-08-11,24.5,20.7,22.9,30.4,26.342857142857145,25.923333333333332,0.8999999999999986,1.790334843143864
2023-08-12,26.2,22.2,23.8,10.2,25.75714285714286,25.90666666666667,0.9000000000000021,1.8082060710556611
2023-08-13,29.9,22.0,25.7,0.2,25.4,25.95,1.8999999999999986,1.7862984266257893
2023-08-14,31.3,23.2,26.9,0.2,25.214285714285715,26.043333333333337,1.1999999999999993,1.7592481413913048
2023-08-15,30.7,23.3,26.7,0.0,25.0,26.146666666666665,-0.1999999999999993,1.7008584715461021
2023-08-16,29.4,22.2,25.6,1.0,24.800000000000004,26.203333333333333,-1.0999999999999979,1.6510150134728947
2023-08-17,30.6,22.5,26.4,0.1,25.428571428571427,26.29,0.7999999999999972,1.5875268121548705
2023-08-18,30.6,23.4,26.9,1.3,26.0,26.346666666666668,0.5,1.5775872746683979
2023-08-19,31.4,23.6,26.8,0.2,26.428571428571427,26.386666666666667,-0.09999999999999787,1.5732096191377
2023-08-20,30.3,22.6,26.2,0.0,26.5,26.356666666666666,-0.6000000000000014,1.5677093619923375
2023-08-21,31.6,23.8,26.9,4.7,26.5,26.37666666666667,0.6999999999999993,1.5707857320755798
2023-08-22,29.2,23.8,25.8,24.1,26.37142857142857,26.416666666666668,-1.0999999999999979,1.5389390284652589
2023-08-23,25.1,23.2,24.1,62.5,26.157142857142862,26.37666666666667,-1.6999999999999993,1.5839024990311248
2023-08-24,27.8,22.0,24.3,14.0,25.857142857142858,26.346666666666668,0.1999999999999993,1.6151723156355988
2023-08-25,27.7,22.2,24.8,1.3,25.557142857142857,26.34666666666667,0.5,1.6151723156355988
2023-08-26,28.5,21.2,24.5,0.0,25.228571428571428,26.30666666666667,-0.3000000000000007,1.6462985302110225
2023-08-27,27.2,20.8,23.9,1.5,24.900000000000002,26.2,-0.6000000000000014,1.6960400125404447
2023-08-28,24.8,20.9,22.5,27.8,24.271428571428572,26.029999999999998,-1.3999999999999986,1.8030912153950347
2023-08-29,25.1,21.4,23.4,33.3,23.928571428571427,25.89,0.8999999999999986,1.8396682609495352
2023-08-30,24.8,20.4,22.2,3.0,23.657142857142855,25.723333333333336,-1.1999999999999993,1.9406154966266207
2023-08-31,27.2,19.5,22.8,0.2,23.442857142857143,25.546666666666667,0.6000000000000014,1.9579604682941267
2023-09-01,27.8,18.1,22.5,0.0,23.11428571428571,25.386666666666667,-0.3000000000000007,2.0052918496565795
2023-09-02,29.1,18.0,22.9,0.0,22.885714285714283,25.259999999999998,0.3999999999999986,2.0392020075476736
2023-09-03,29.1,22.0,25.1,2.4,23.057142857142853,25.17,2.200000000000003,1.9820139531156389
2023-09-04,27.7,22.0,24.4,7.1,23.328571428571426,25.053333333333335,-0.7000000000000028,1.9177453236644941
2023-09-05,30.5,23.2,25.8,2.7,23.671428571428574,24.973333333333336,1.4000000000000021,1.8300053388529058
2023-09-06,30.2,22.0,25.7,0.3,24.17142857142857,24.889999999999997,-0.10000000000000142,1.7323195532242346
2023-09-07,29.6,18.2,23.9,0.0,24.32857142857143,24.746666666666666,-1.8000000000000007,1.6234771821370926
2023-09-08,28.2,16.5,22.4,0.0,24.314285714285717,24.593333333333337,-1.5,1.6205434025475791
2023-09-09,29.0,18.8,23.5,0.0,24.400000000000002,24.643333333333334,1.1000000000000014,1.5597708349214376
2023-09-10,27.6,19.0,23.4,0.1,24.157142857142855,24.660000000000004,-0.10000000000000142,1.5430824502521299
2023-09-11,27.9,21.2,23.7,0.8,24.057142857142857,24.656666666666663,0.3000000000000007,1.5451109397361111
2023-09-12,28.3,20.2,23.7,0.0,23.757142857142856,24.59,0.0,1.5416851505571851
2023-09-13,22.9,19.5,21.5,19.2,23.157142857142855,24.41,-2.1999999999999993,1.5775034837931625
2023-09-14,26.3,17.6,21.9,0.1,22.87142857142857,24.25,0.3999999999999986,1.5806480556601852
2023-09-15,23.4,20.1,21.3,9.5,22.714285714285715,24.10666666666667,-0.5999999999999979,1.6475547886517916
2023-09-16,26.3,20.4,22.7,25.3,22.599999999999998,23.983333333333334,1.3999999999999986,1.6079722362789517
2023-09-17,26.7,20.4,22.8,12.4,22.514285714285716,23.84666666666667,0.10000000000000142,1.5235469806668602
2023-09-18,26.9,19.7,22.7,1.3,22.37142857142857,23.709999999999997,-0.10000000000000142,1.4305412527649541
2023-09-19,26.5,19.0,22.4,0.6,22.185714285714287,23.583333333333332,-0.3000000000000007,1.3693903333446338
2023-09-20,22.1,19.0,20.6,39.4,22.057142857142857,23.37333333333333,-1.7999999999999972,1.3255924721795558
2023-09-21,22.4,16.2,18.9,0.0,21.62857142857143,23.14333333333333,-1.7000000000000028,1.4796745525991355
2023-09-22,23.8,12.4,18.1,0.0,21.171428571428574,22.94333333333333,-0.7999999999999972,1.7301949926652587
2023-09-23,24.9,14.8,19.8,0.0,20.75714285714286,22.793333333333333,1.6999999999999993,1.8020932911160048
2023-09-24,24.3,15.4,19.8,0.1,20.32857142857143,22.626666666666665,0.0,1.8409018279718616
2023-09-25,23.0,17.1,19.7,1.3,19.900000000000002,22.466666666666665,-0.10000000000000142,1.880633300033704
2023-09-26,21.5,18.5,19.7,14.7,19.514285714285712,22.326666666666664,0.0,1.9260345779353385
2023-09-27,23.4,19.6,20.9,2.8,19.557142857142857,22.27333333333333,1.1999999999999993,1.9431459265722382
2023-09-28,24.7,17.9,21.0,0.9,19.857142857142858,22.19333333333333,0.10000000000000142,1.9445650756232336
2023-09-29,23.7,15.9,19.1,0.0,20.0,22.089999999999996,-1.8999999999999986,2.024905276626688
2023-09-30,21.5,15.6,18.8,3.9,19.857142857142858,21.956666666666667,-0.3000000000000007,2.1065879150129057
2023-10-01,21.3,12.1,16.1,0.0,19.32857142857143,21.743333333333332,-2.6999999999999993,2.358650013261342
2023-10-02,22.1,11.9,16.4,0.0,18.857142857142858,21.526666666666664,0.29999999999999716,2.5402868875905784
2023-10-03,20.9,11.8,15.8,0.0,18.3,21.216666666666665,-0.5999999999999979,2.6540903153998188
2023-10-04,21.5,11.9,16.2,1.2,17.62857142857143,20.94333333333333,0.3999999999999986,2.7359274205605257
2023-10-05,17.1,9.3,13.1,0.0,16.5,20.519999999999996,-3.0999999999999996,2.9339158251329867
2023-10-06,19.0,9.1,13.6,0.0,15.714285714285714,20.116666666666667,0.5,3.0274700184550025
2023-10-07,20.8,8.2,14.6,0.0,15.114285714285714,19.80666666666667,1.0,3.10193858554711
2023-10-08,19.3,12.7,15.7,0.2,15.057142857142855,19.58333333333333,1.0999999999999996,3.149612273163893
2023-10-09,19.4,13.1,15.6,0.2,14.942857142857141,19.319999999999997,-0.09999999999999964,3.1410957894691705
2023-10-10,21.3,10.4,14.9,0.0,14.814285714285715,19.036666666666665,-0.6999999999999993,3.143738531434072
2023-10-11,21.2,11.1,15.2,0.0,14.671428571428573,18.753333333333334,0.29999999999999893,3.091560629590992
2023-10-12,22.1,9.5,15.0,0.0,14.942857142857145,18.46333333333333,-0.1999999999999993,3.0187327020518153
2023-10-13,20.0,12.5,16.0,0.0,15.285714285714286,18.279999999999998,1.0,2.9948691756587
2023-10-14,16.7,10.9,14.4,4.8,15.257142857142856,18.029999999999998,-1.5999999999999996,2.995300917471762
2023-10-15,19.5,10.8,14.3,0.0,15.057142857142859,17.796666666666667,-0.09999999999999964,3.0044201154108503
2023-10-16,17.1,7.8,12.0,0.0,14.542857142857144,17.44,-2.3000000000000007,3.037194712911609
2023-10-17,17.7,7.8,11.8,0.0,14.1,17.073333333333334,-0.1999999999999993,3.031778052714257
2023-10-18,19.3,6.8,12.8,0.0,13.757142857142856,16.743333333333332,1.0,2.9354766203303453
2023-10-19,18.4,13.5,15.3,8.1,13.799999999999999,16.506666666666668,2.5,2.7436363151637617
2023-10-20,13.5,6.2,10.8,0.0,13.057142857142859,16.18,-4.5,2.821762716386079
2023-10-21,15.3,4.0,9.0,0.0,12.285714285714286,15.85,-1.8000000000000007,3.061411664463094
2023-10-22,16.6,4.0,10.2,0.0,11.7,15.586666666666668,1.1999999999999993,3.1979231766380063
2023-10-23,18.0,7.8,12.7,0.7,11.8,15.35,2.5,3.1375094449645475
2023-10-24,17.8,8.2,12.5,1.4,11.9,15.106666666666666,-0.1999999999999993,3.062671060200373
2023-10-25,20.0,9.2,13.8,0.1,12.042857142857143,14.91,1.3000000000000007,2.944703017635113
2023-10-26,19.6,10.7,14.3,7.8,11.900000000000002,14.73,0.5,2.803464605288219
2023-10-27,17.6,8.9,13.3,0.5,12.257142857142856,14.476666666666665,-1.0,2.5594562102045058
2023-10-28,17.4,7.1,12.2,0.0,12.714285714285714,14.183333333333334,-1.1000000000000014,2.274458379381919
2023-10-29,18.3,6.8,12.1,0.0,12.985714285714286,13.95,-0.09999999999999964,2.105452691105445
2023-10-30,18.5,6.5,11.6,0.0,12.828571428571427,13.71,-0.5,1.9371771143636303
2023-10-31,18.4,7.5,12.3,0.0,12.799999999999999,13.583333333333334,0.7000000000000011,1.899379814087043
2023-11-01,21.9,14.4,17.0,6.5,13.257142857142858,13.603333333333333,4.699999999999999,1.9329240549745512
2023-11-02,23.0,14.5,17.8,0.0,13.757142857142856,13.669999999999998,0.8000000000000007,2.0426740418822873
2023-11-03,19.3,15.2,16.8,11.9,14.257142857142856,13.69,-1.0,2.0710400518947316
2023-11-04,20.2,13.9,16.4,2.0,14.857142857142858,13.8,-0.40000000000000213,2.1255425270935335
2023-11-05,19.8,12.6,15.8,31.0,15.385714285714286,13.873333333333333,-0.5999999999999979,2.156135325119991
2023-11-06,18.9,6.7,13.9,34.9,15.714285714285714,13.85,-1.9000000000000004,2.1517835425045684
2023-11-07,7.0,2.2,4.5,0.1,14.599999999999998,13.476666666666667,-9.4,2.717083036987547
2023-11-08,12.8,-0.4,6.2,0.0,13.057142857142855,13.163333333333332,1.7000000000000002,2.99188365684436
2023-11-09,18.0,4.2,10.4,3.6,12.0,13.013333333333332,4.2,3.0145318540116643
2023-11-10,6.9,-0.6,2.3,0.0,9.928571428571429,12.583333333333334,-8.100000000000001,3.5621654914540657
2023-11-11,4.2,-3.2,-0.1,0.0,7.571428571428571,12.080000000000002,-2.4,4.215766793262272
2023-11-12,3.4,-4.4,-0.8,0.0,5.200000000000001,11.520000000000001,-0.7000000000000001,4.758034946458948
2023-11-13,4.5,-4.9,-0.7,0.0,3.114285714285714,11.016666666666667,0.10000000000000009,5.219200846036187
2023-11-14,8.1,-2.7,2.6,0.0,2.8428571428571425,10.626666666666667,3.3,5.399420999184753
2023-11-15,10.7,-1.9,4.4,0.0,2.5857142857142854,10.373333333333335,1.8000000000000003,5.5099241707864355
2023-11-16,7.5,2.5,5.1,9.5,1.8285714285714287,10.15,0.6999999999999993,5.585371904389656
2023-11-17,3.9,-3.5,0.6,0.5,1.5857142857142856,9.743333333333334,-4.5,5.824779607098012
2023-11-18,4.0,-4.6,-1.3,0.0,1.4142857142857144,9.19,-1.9,6.062339937453351
2023-11-19,12.6,-3.4,3.8,0.2,2.0714285714285716,8.956666666666667,5.1,6.132540865845485
2023-11-20,8.8,-2.3,3.0,0.0,2.6,8.756666666666666,-0.7999999999999998,6.228171998008897
2023-11-21,11.3,-1.4,3.8,0.0,2.7714285714285714,8.543333333333333,0.7999999999999998,6.2863663828042275
2023-11-22,12.6,0.0,5.7,0.0,2.957142857142857,8.31,1.9000000000000004,6.256602030297099
2023-11-23,13.0,1.4,8.9,0.4,3.5,8.19,3.2,6.207800987745082
2023-11-24,0.4,-5.3,-2.8,0.0,3.0142857142857147,7.636666666666667,-11.7,6.426479882343169
2023-11-25,0.6,-6.8,-3.5,0.0,2.6999999999999997,7.043333333333334,-0.7000000000000002,6.609172483718426
2023-11-26,5.4,-1.7,1.6,0.0,2.385714285714286,6.653333333333333,5.1,6.572341908400697
2023-11-27,8.7,3.7,5.3,3.6,2.7142857142857144,6.423333333333334,3.6999999999999997,6.491781718839447
2023-11-28,3.2,-4.2,-0.8,0.0,2.0571428571428574,5.993333333333334,-6.1,6.529927566442761
2023-11-29,0.1,-5.8,-2.7,0.1,0.8571428571428571,5.516666666666667,-1.9000000000000001,6.6277412459290455
2023-11-30,-2.1,-7.7,-5.3,0.0,-1.1714285714285713,4.930000000000001,-2.5999999999999996,6.783710204447978
2023-12-01,0.6,-7.1,-4.1,0.0,-1.357142857142857,4.2266666666666675,1.2000000000000002,6.579903223967828
2023-12-02,6.3,-5.6,-0.1,0.2,-0.8714285714285711,3.63,3.9999999999999996,6.100771573588382
2023-12-03,3.3,-5.6,-1.6,0.0,-1.328571428571428,3.0166666666666666,-1.5,5.638481290593101
2023-12-04,6.8,-4.9,-0.5,0.0,-2.157142857142857,2.453333333333333,1.1,5.070926823626561
2023-12-05,9.5,0.8,4.1,0.0,-1.457142857142857,2.0633333333333335,4.6,4.416777053489403
2023-12-06,9.4,-0.2,4.6,11.1,-0.4142857142857142,1.7533333333333332,0.5,3.846963274685926
2023-12-07,10.5,-3.1,4.0,0.0,0.9142857142857144,1.7366666666666666,-0.5999999999999996,3.835719896764809
2023-12-08,15.6,3.6,9.1,0.0,2.8000000000000003,1.8333333333333333,5.1,3.9856928038218693
2023-12-09,15.3,7.4,10.7,0.2,4.3428571428571425,1.8433333333333333,1.5999999999999996,4.008240075862195
2023-12-10,13.9,2.1,7.7,0.1,5.671428571428571,2.023333333333333,-2.999999999999999,4.148259571346158
2023-12-11,10.2,3.4,7.8,14.3,6.857142857142857,2.2866666666666666,0.09999999999999964,4.2581146332485815
2023-12-12,7.7,1.3,4.0,0.8,6.8428571428571425,2.4466666666666663,-3.8,4.228208500823655
2023-12-13,10.0,-1.9,4.2,0.6,6.785714285714286,2.61,0.20000000000000018,4.196989890139322
2023-12-14,7.2,5.4,6.5,19.8,7.142857142857143,2.74,2.3,4.256645919354727
2023-12-15,5.3,3.1,4.5,18.9,6.485714285714286,2.743333333333333,-2.0,4.258029602052416
2023-12-16,2.9,-10.9,-4.0,0.4,4.385714285714287,2.44,-8.5,4.405920781293636
2023-12-17,-7.0,-12.8,-10.3,0.0,1.8142857142857147,2.0766666666666667,-6.300000000000001,4.975504364198827
2023-12-18,-3.6,-11.0,-7.7,0.0,-0.39999999999999974,1.8633333333333333,2.6000000000000005,5.254652016650827
2023-12-19,0.0,-8.1,-4.3,0.0,-1.5857142857142854,1.5933333333333333,3.4000000000000004,5.358778381975419
2023-12-20,-3.9,-11.4,-7.6,0.1,-3.2714285714285714,1.2399999999999998,-3.3,5.606560196892563
2023-12-21,-8.1,-14.5,-11.8,0.0,-5.885714285714285,0.7200000000000001,-4.200000000000001,6.065584089337832
2023-12-22,-8.1,-14.9,-12.0,0.0,-8.242857142857142,0.13,-0.1999999999999993,6.415237786868827
2023-12-23,-2.4,-12.2,-7.9,0.0,-8.799999999999999,-0.43000000000000005,4.1,6.356270322586492
2023-12-24,1.0,-5.4,-3.5,0.6,-7.828571428571428,-0.45333333333333337,4.4,6.366546908664898
2023-12-25,1.9,-6.2,-2.7,0.5,-7.114285714285714,-0.4266666666666667,0.7999999999999998,6.35501069389666
2023-12-26,6.0,-5.3,-0.8,0.0,-6.614285714285715,-0.5066666666666667,1.9000000000000001,6.343714420091658
2023-12-27,5.5,-6.5,-0.9,0.0,-5.6571428571428575,-0.7133333333333333,-0.09999999999999998,6.2482953997309965
2023-12-28,4.5,-3.7,-0.4,0.0,-4.028571428571428,-0.7000000000000001,0.5,6.248530861813452
2023-12-29,4.5,-3.5,-0.1,0.0,-2.328571428571428,-0.6133333333333334,0.30000000000000004,6.237856248320678
2023-12-30,1.2,-3.9,-0.8,11.4,-1.3142857142857138,-0.4633333333333335,-0.7000000000000001,6.175060146759109
2023-12-31,5.4,-2.4,1.4,2.2,-0.6142857142857139,-0.28000000000000014,2.2,6.1449390446179075
2024-01-01,6.7,-3.6,0.7,0.0,-0.1285714285714281,-0.2533333333333334,-0.7,6.1474824302218005
2024-01-02,4.0,-1.7,1.0,0.1,0.12857142857142906,-0.16666666666666677,0.30000000000000004,6.146169725841554
2024-01-03,3.1,-3.7,-0.2,0.1,0.22857142857142906,-0.15666666666666676,-1.2,6.145852727419289
2024-01-04,5.2,-5.6,-0.6,0.0,0.20000000000000048,-0.3133333333333334,-0.39999999999999997,6.093282527014783
2024-01-05,8.0,-2.0,2.6,0.6,0.5857142857142862,-0.38000000000000006,3.2,6.048448076815384
2024-01-06,3.5,-6.3,-1.9,0.4,0.4285714285714291,-0.5766666666666667,-4.5,5.99682003854654
2024-01-07,-2.7,-9.0,-5.5,0.0,-0.5571428571428566,-1.0633333333333332,-3.6,5.772675429053334
2024-01-08,-1.8,-10.0,-6.1,0.0,-1.528571428571428,-1.6233333333333335,-0.5999999999999996,5.394677027393368
2024-01-09,1.0,-3.4,-1.2,2.4,-1.842857142857142,-1.9199999999999997,4.8999999999999995,5.101007337974497
2024-01-10,3.7,-6.9,-2.8,0.0,-2.214285714285714,-2.273333333333333,-1.5999999999999999,4.7602472649001335
2024-01-11,4.8,-6.1,-1.4,0.0,-2.328571428571428,-2.453333333333333,1.4,4.614724061189385
2024-01-12,3.3,-6.4,-2.1,0.0,-2.9999999999999996,-2.663333333333333,-0.7000000000000002,4.4416122681106005
2024-01-13,3.2,-6.6,-2.9,0.0,-3.142857142857142,-2.9766666666666666,-0.7999999999999998,4.090584928524523
2024-01-14,3.4,-5.8,-2.1,2.7,-2.657142857142856,-3.1966666666666663,0.7999999999999998,3.844699291710455
2024-01-15,0.6,-8.5,-5.0,0.0,-2.4999999999999996,-3.2299999999999995,-2.9,3.85622202108006
2024-01-16,2.1,-8.6,-3.9,0.0,-2.8857142857142852,-3.0166666666666666,1.1,3.6214955315529775
2024-01-17,1.1,-5.7,-1.6,7.7,-2.714285714285714,-2.813333333333333,2.3,3.5192802294409637
2024-01-18,9.8,-0.7,2.7,1.0,-2.1285714285714286,-2.58,4.300000000000001,3.6470488778246564
2024-01-19,7.4,0.9,3.2,0.0,-1.3714285714285708,-2.22,0.5,3.667414761720231
2024-01-20,4.0,0.4,1.7,2.2,-0.7142857142857136,-1.77,-1.5000000000000002,3.256627195374973
2024-01-21,2.5,-3.0,0.6,0.1,-0.328571428571428,-1.35,-1.1,2.64728227589665
2024-01-22,-4.2,-12.4,-8.6,0.0,-0.8428571428571423,-1.3733333333333333,-9.2,2.7093622271969475
2024-01-23,-9.0,-15.0,-12.3,0.0,-2.0428571428571423,-1.6666666666666667,-3.700000000000001,3.3485285840442827
2024-01-24,-4.3,-12.0,-8.9,0.0,-3.0857142857142854,-1.8733333333333335,3.4000000000000004,3.596639555467675
2024-01-25,-0.8,-9.2,-6.0,0.0,-4.328571428571428,-2.0466666666666664,2.9000000000000004,3.6677281640080914
2024-01-26,3.1,-7.5,-3.6,0.0,-5.3,-2.1366666666666663,2.4,3.671745176844229
2024-01-27,4.1,-7.3,-2.4,0.0,-5.885714285714285,-2.203333333333333,1.2000000000000002,3.657253853252073
2024-01-28,1.5,-6.7,-3.1,0.0,-6.414285714285714,-2.3033333333333337,-0.7000000000000002,3.6387268835863504
2024-01-29,3.9,-6.5,-2.4,0.0,-5.528571428571428,-2.3566666666666665,0.7000000000000002,3.6276413286316087
2024-01-30,6.3,-5.8,-0.6,0.0,-3.857142857142857,-2.4233333333333333,1.7999999999999998,3.5742067683598284
2024-01-31,8.8,-3.8,1.6,0.0,-2.3571428571428568,-2.393333333333333,2.2,3.604971025119997
2024-02-01,5.6,-3.7,0.1,0.0,-1.4857142857142853,-2.4233333333333333,-1.5,3.5794127175138035
2024-02-02,4.9,-3.2,1.0,0.0,-0.8285714285714282,-2.3833333333333333,0.9,3.6116748749436947
2024-02-03,6.8,-3.0,1.4,1.4,-0.2857142857142852,-2.316666666666667,0.3999999999999999,3.66381027717418
2024-02-04,9.3,0.8,4.1,0.0,0.7428571428571432,-2.2666666666666666,2.6999999999999997,3.7426095757883044
2024-02-05,2.6,-0.9,1.4,7.6,1.2857142857142863,-2.1566666666666663,-2.6999999999999997,3.801785726818961
2024-02-06,3.7,-1.8,0.5,1.0,1.4428571428571433,-1.9566666666666668,-0.8999999999999999,3.7775820886887823
2024-02-07,2.9,-5.7,-1.4,0.0,1.0142857142857147,-1.8,-1.9,3.6964101877176403
2024-02-08,3.5,-5.0,-1.7,0.0,0.7571428571428575,-1.8166666666666669,-0.30000000000000004,3.6947384148304305
2024-02-09,4.3,-4.5,-1.2,0.0,0.4428571428571432,-1.7633333333333332,0.5,3.6916012163058154
2024-02-10,6.5,-5.3,-0.9,0.0,0.11428571428571468,-1.7466666666666666,0.29999999999999993,3.6944257482315295
2024-02-11,5.1,-7.1,-1.7,0.0,-0.7142857142857137,-1.7333333333333334,-0.7999999999999999,3.6938283414491053
2024-02-12,8.6,-6.2,0.1,0.0,-0.8999999999999996,-1.6333333333333333,1.8,3.7017547873606937
2024-02-13,13.0,-0.3,5.6,0.0,-0.17142857142857107,-1.3766666666666665,5.5,3.9282955269591313
2024-02-14,16.3,4.0,9.3,1.0,1.3571428571428577,-0.9,3.700000000000001,4.321398241150816
2024-02-15,8.9,-1.6,4.4,8.6,2.228571428571429,-0.6233333333333334,-4.9,4.3878895510990645
2024-02-16,6.1,-4.8,-0.1,0.0,2.385714285714286,-0.5733333333333334,-4.5,4.384921918333977
2024-02-17,8.4,-4.7,1.2,0.0,2.6857142857142864,-0.6233333333333333,1.3,4.35475826427031
2024-02-18,9.2,-2.8,4.0,8.5,3.500000000000001,-0.5966666666666668,2.8,4.381346300202658
2024-02-19,11.9,2.1,8.8,8.6,4.742857142857143,-0.36000000000000004,4.800000000000001,4.690533386330017
2024-02-20,6.7,0.3,2.8,2.0,4.342857142857143,-0.28666666666666674,-6.000000000000001,4.723144286809759
2024-02-21,2.7,0.1,1.7,15.3,3.257142857142857,0.056666666666666636,-1.0999999999999999,4.465321035941723
2024-02-22,0.9,-2.1,-0.6,5.7,2.5428571428571436,0.44666666666666666,-2.3,3.8120257383556213
2024-02-23,5.8,-2.6,0.6,0.2,2.6428571428571432,0.7633333333333333,1.2,3.3787860841283677
2024-02-24,6.0,-3.7,0.6,2.1,2.5571428571428574,0.9833333333333333,0.0,3.1288516493561684
2024-02-25,5.6,-2.2,1.7,2.1,2.228571428571429,1.1600000000000001,1.1,3.0084478756811306
2024-02-26,8.1,-3.4,1.8,0.0,1.228571428571429,1.3,0.10000000000000009,2.9338688121484235
2024-02-27,8.5,-2.8,2.2,0.0,1.1428571428571435,1.4766666666666668,0.40000000000000013,2.81702745427899
2024-02-28,7.9,1.1,3.9,0.0,1.4571428571428575,1.6866666666666668,1.6999999999999997,2.752144409469706
2024-02-29,7.5,-1.9,2.8,0.1,1.9428571428571433,1.8,-1.1,2.724600571801803
2024-03-01,-1.3,-7.9,-4.9,0.0,1.1571428571428577,1.5833333333333333,-7.7,2.9868774299609018
2024-03-02,4.4,-8.3,-2.0,3.6,0.7857142857142863,1.5133333333333332,2.9000000000000004,3.046844985852864
2024-03-03,7.6,-4.3,1.6,0.4,0.771428571428572,1.5333333333333334,3.6,3.045328059258377
2024-03-04,9.0,-5.3,2.1,0.0,0.8142857142857148,1.5566666666666669,0.5,3.046952500488075
2024-03-05,10.5,2.5,5.3,0.6,1.2571428571428578,1.5966666666666667,3.1999999999999997,3.0890779043027097
2024-03-06,8.9,-1.3,4.0,0.0,1.2714285714285718,1.6833333333333333,-1.2999999999999998,3.1196908924392592
2024-03-07,7.1,-1.3,2.6,2.1,1.2428571428571435,1.7533333333333334,-1.4,3.115781114588063
2024-03-08,5.9,-4.3,0.1,0.0,1.9571428571428577,1.8033333333333335,-2.5,3.075204880568433
2024-03-09,5.8,-5.6,-0.6,0.0,2.157142857142858,1.84,-0.7,3.03832984974685
2024-03-10,8.3,-3.9,1.7,0.0,2.171428571428572,1.9366666666666665,2.3,2.9839205098655097
2024-03-11,9.6,-1.6,3.8,0.4,2.414285714285715,2.0933333333333333,2.0999999999999996,2.9530735985006467
2024-03-12,10.0,-0.1,4.6,1.7,2.3142857142857145,2.3033333333333332,0.7999999999999998,2.897499913222962
2024-03-13,10.5,-2.4,3.6,0.0,2.2571428571428576,2.4200000000000004,-0.9999999999999996,2.8761084819597182
2024-03-14,12.9,-0.9,5.0,0.0,2.6000000000000005,2.4,1.4,2.8552432108498365
2024-03-15,12.4,-0.7,5.3,0.0,3.342857142857143,2.2666666666666666,0.2999999999999998,2.6042847099684296
2024-03-16,15.4,-0.4,7.5,0.0,4.500000000000001,2.3699999999999997,2.2,2.749313393909772
2024-03-17,10.1,3.4,7.0,0.1,5.257142857142858,2.6066666666666665,-0.5,2.8336565062482304
2024-03-18,11.4,-3.2,4.0,0.0,5.285714285714286,2.7,-3.0,2.8318386862298874
2024-03-19,10.3,2.1,5.3,0.7,5.385714285714286,2.7433333333333336,1.2999999999999998,2.8622011463730983
2024-03-20,7.7,-0.7,3.2,0.0,5.328571428571429,2.556666666666666,-2.0999999999999996,2.626480972489846
2024-03-21,9.9,-2.5,3.0,0.0,5.042857142857144,2.563333333333333,-0.20000000000000018,2.6273735847845505
2024-03-22,15.8,0.3,7.8,16.3,5.4,2.7666666666666666,4.8,2.7893063447850435
2024-03-23,16.2,7.5,10.5,1.3,5.828571428571429,3.1366666666666663,2.7,3.051227376933379
2024-03-24,19.3,5.3,11.9,0.0,6.528571428571429,3.513333333333333,1.4000000000000004,3.4043312506817593
2024-03-25,12.4,5.6,8.7,2.5,7.200000000000001,3.783333333333333,-3.200000000000001,3.4855448625008916
2024-03-26,12.1,1.9,6.1,12.4,7.314285714285715,3.9299999999999997,-2.5999999999999996,3.487430632112087
2024-03-27,14.7,1.6,7.6,0.0,7.942857142857143,4.123333333333333,1.5,3.5258340498564364
2024-03-28,12.0,6.6,8.8,3.0,8.771428571428572,4.343333333333333,1.200000000000001,3.606668472602516
2024-03-29,13.1,2.7,7.1,5.0,8.671428571428573,4.45,-1.700000000000001,3.6402680841029453
2024-03-30,14.2,0.5,6.4,1.0,8.085714285714287,4.569999999999999,-0.6999999999999993,3.6433359098118765
2024-03-31,14.4,0.1,7.2,0.0,7.414285714285714,4.973333333333333,0.7999999999999998,3.2018241926939286
2024-04-01,16.2,3.1,8.9,0.0,7.442857142857144,5.336666666666667,1.7000000000000002,2.9949939074642056
2024-04-02,21.2,2.8,11.6,0.0,8.22857142857143,5.67,2.6999999999999993,3.118703311446628
2024-04-03,16.3,9.7,12.6,0.5,8.942857142857143,6.0200000000000005,1.0,3.288789736519356
2024-04-04,18.4,9.2,12.9,0.0,9.528571428571428,6.2733333333333325,0.3000000000000007,3.516261075919073
2024-04-05,16.2,6.8,11.8,0.1,10.200000000000001,6.533333333333333,-1.0999999999999996,3.6289386054739774
2024-04-06,16.6,4.6,9.8,0.0,10.685714285714285,6.773333333333334,-2.0,3.597789870743364
2024-04-07,20.8,4.1,11.8,0.0,11.342857142857143,7.163333333333333,2.0,3.4817240411685604
2024-04-08,20.7,6.7,13.3,0.0,11.971428571428573,7.626666666666667,1.5,3.3347629118366826
2024-04-09,17.5,8.0,12.2,0.0,12.057142857142859,7.976666666666666,-1.1000000000000014,3.2409750909611184
2024-04-10,17.7,6.2,11.7,0.0,11.928571428571429,8.24,-0.5,3.210714819969683
2024-04-11,19.2,8.5,12.8,0.5,11.914285714285715,8.513333333333334,1.1000000000000014,3.2390647152975487
2024-04-12,22.5,6.6,14.1,0.0,12.242857142857144,8.863333333333333,1.299999999999999,3.2570859975448645
2024-04-13,26.4,8.6,16.1,0.0,13.142857142857142,9.233333333333333,2.0000000000000018,3.4290174860360145
2024-04-14,28.1,9.2,18.0,0.0,14.028571428571428,9.656666666666666,1.8999999999999986,3.6999238886238874
2024-04-15,17.7,10.2,14.9,19.1,14.257142857142858,9.903333333333332,-3.0999999999999996,3.7965940574127908
2024-04-16,15.7,7.3,11.6,0.8,14.171428571428573,10.056666666666667,-3.3000000000000007,3.768076737388861
2024-04-17,20.9,6.8,11.9,0.0,14.200000000000001,10.319999999999999,0.3000000000000007,3.6026235650876206
2024-04-18,23.5,8.4,14.7,0.0,14.471428571428573,10.633333333333333,2.799999999999999,3.5594782001680754
2024-04-19,21.4,7.1,14.4,0.0,14.514285714285716,11.006666666666666,-0.29999999999999893,3.3331080383634117
2024-04-20,15.2,11.9,13.1,5.7,14.085714285714287,11.343333333333332,-1.3000000000000007,2.9887932443499254
2024-04-21,20.6,12.2,15.8,0.1,13.771428571428572,11.610000000000001,2.700000000000001,3.0184890031387313
2024-04-22,23.4,13.3,16.9,0.0,14.057142857142859,11.823333333333334,1.0999999999999979,3.1601705904776756
2024-04-23,22.2,10.3,15.5,1.2,14.614285714285716,11.943333333333333,-1.3999999999999986,3.230744905386162
2024-04-24,17.4,9.5,12.8,12.1,14.742857142857144,12.08,-2.6999999999999993,3.175053624309652
2024-04-25,19.8,9.5,12.7,0.0,14.457142857142859,12.3,-0.10000000000000142,2.968338673864405
2024-04-26,23.8,8.6,15.1,0.0,14.557142857142859,12.55,2.4000000000000004,2.8731515797118097
2024-04-27,24.4,9.2,15.5,0.0,14.900000000000002,12.773333333333333,0.40000000000000036,2.83170879728904
2024-04-28,26.7,10.3,17.5,0.0,15.142857142857142,13.12,2.0,2.748592116100552
2024-04-29,23.6,13.6,18.0,0.0,15.3,13.506666666666666,0.5,2.581490258363072
2024-04-30,22.2,11.4,16.0,0.0,15.371428571428572,13.8,-2.0,2.3276449545588354
2024-05-01,22.0,12.3,16.3,0.2,15.871428571428572,14.046666666666665,0.3000000000000007,2.1777453277746037
2024-05-02,22.9,9.5,16.1,0.0,16.357142857142858,14.196666666666667,-0.1999999999999993,2.158301269011471
2024-05-03,27.8,9.7,17.4,0.0,16.685714285714287,14.356666666666666,1.2999999999999972,2.213077640680189
2024-05-04,27.1,12.0,19.1,0.0,17.200000000000003,14.563333333333334,1.7000000000000028,2.3571583320386598
2024-05-05,18.9,14.8,17.2,66.8,17.157142857142855,14.743333333333334,-1.9000000000000021,2.345014275867721
2024-05-06,14.6,12.9,13.7,6.2,16.54285714285714,14.873333333333333,-3.5,2.162523004993671
2024-05-07,15.2,11.7,13.1,1.9,16.12857142857143,14.916666666666666,-0.5999999999999996,2.111231595674698
2024-05-08,19.5,7.5,13.3,0.2,15.700000000000001,14.916666666666666,0.20000000000000107,2.111231595674698
2024-05-09,19.5,8.1,14.0,0.0,15.400000000000002,14.976666666666665,0.6999999999999993,2.056224080995256
2024-05-10,21.7,8.8,15.1,0.0,15.071428571428571,15.09,1.0999999999999996,1.9608847404979355
2024-05-11,21.6,11.5,15.8,16.2,14.600000000000003,15.19,0.7000000000000011,1.9160573744200298
2024-05-12,21.2,10.2,15.2,0.0,14.314285714285715,15.226666666666667,-0.6000000000000014,1.9049723200693223
2024-05-13,22.4,10.2,16.0,0.0,14.642857142857142,15.223333333333333,0.8000000000000007,1.9034783647464666
2024-05-14,21.9,9.7,16.1,0.0,15.071428571428573,15.16,0.10000000000000142,1.8384026049621036
2024-05-15,18.1,6.6,12.3,22.7,14.92857142857143,15.073333333333334,-3.8000000000000007,1.910936461769453
2024-05-16,18.1,6.0,11.6,3.4,14.585714285714287,15.073333333333332,-0.7000000000000011,1.910936461769453
2024-05-17,22.1,7.0,15.0,0.0,14.571428571428571,15.176666666666668,3.4000000000000004,1.814820848636055
2024-05-18,24.0,11.3,17.5,0.0,14.814285714285717,15.270000000000001,2.5,1.8608766936489713
2024-05-19,25.3,11.8,18.1,0.0,15.22857142857143,15.393333333333334,0.6000000000000014,1.9228092475072136
2024-05-20,20.9,14.2,17.5,2.1,15.442857142857145,15.540000000000001,-0.6000000000000014,1.9096127067171431
2024-05-21,25.5,13.8,18.9,0.0,15.842857142857143,15.643333333333334,1.3999999999999986,2.005627141291585
2024-05-22,23.2,14.0,17.8,0.0,16.62857142857143,15.673333333333334,-1.0999999999999979,2.0316348662802217
2024-05-23,24.0,13.3,17.6,0.0,17.485714285714288,15.743333333333334,-0.1999999999999993,2.061416207758538
2024-05-24,24.8,14.0,18.8,0.0,18.028571428571432,15.943333333333333,1.1999999999999993,2.057062407202763
2024-05-25,24.8,17.7,19.9,0.0,18.371428571428574,16.183333333333334,1.0999999999999979,2.0854311277302178
2024-05-26,22.5,15.3,18.5,7.1,18.428571428571427,16.296666666666667,-1.3999999999999986,2.1166797899856538
2024-05-27,22.9,12.6,17.6,0.0,18.442857142857147,16.366666666666667,-0.8999999999999986,2.1241360650836096
2024-05-28,23.8,11.7,17.8,0.0,18.285714285714285,16.37666666666667,0.1999999999999993,2.130352623123916
2024-05-29,25.5,12.9,18.8,0.0,18.428571428571427,16.403333333333332,1.0,2.156223284025819
2024-05-30,23.1,14.0,18.7,0.0,18.585714285714285,16.493333333333332,-0.10000000000000142,2.194811017445289
2024-05-31,23.4,13.5,18.7,0.3,18.571428571428573,16.573333333333334,0.0,2.230962886804534
2024-06-01,25.8,15.1,19.7,1.7,18.542857142857144,16.693333333333335,1.0,2.300364788662856
2024-06-02,26.0,12.3,19.0,0.0,18.614285714285717,16.746666666666666,-0.6999999999999993,2.3355916821541154
2024-06-03,27.3,13.8,20.6,0.0,19.042857142857144,16.796666666666667,1.6000000000000014,2.402797698852227
2024-06-04,29.3,13.8,21.2,0.0,19.528571428571432,16.93,0.5999999999999979,2.533383998283517
2024-06-05,29.7,16.0,22.4,0.0,20.042857142857144,17.220000000000002,1.1999999999999993,2.6463247122677465
2024-06-06,29.5,17.1,22.5,0.2,20.58571428571429,17.533333333333335,0.10000000000000142,2.6976788660565507
2024-06-07,27.2,15.2,21.0,0.0,20.914285714285715,17.790000000000003,-1.5,2.6468393643532635
2024-06-08,23.7,16.7,19.4,15.8,20.87142857142857,17.970000000000002,-1.6000000000000014,2.562481286727361
2024-06-09,27.3,15.3,20.8,0.0,21.12857142857143,18.16,1.4000000000000021,2.553645129667821
2024-06-10,29.5,16.0,22.4,0.0,21.38571428571429,18.380000000000003,1.5999999999999979,2.6265750611251244
2024-06-11,30.4,18.5,23.0,0.0,21.642857142857142,18.64,0.6000000000000014,2.686312688811425
2024-06-12,30.6,15.7,23.2,0.0,21.75714285714286,18.88,0.1999999999999993,2.7628570919150195
2024-06-13,31.8,18.2,24.6,0.0,22.057142857142857,19.163333333333334,1.4000000000000021,2.900354714731398
2024-06-14,32.9,18.1,24.9,0.0,22.614285714285717,19.583333333333332,0.29999999999999716,2.782095877439279
2024-06-15,27.7,20.2,22.7,7.2,23.085714285714285,19.953333333333333,-2.1999999999999993,2.394927589911601
2024-06-16,28.6,16.8,22.3,0.1,23.3,20.196666666666665,-0.3999999999999986,2.2401482914790107
2024-06-17,28.8,16.6,22.3,0.0,23.28571428571429,20.35666666666667,0.0,2.2121425615551793
2024-06-18,31.2,17.4,23.5,0.0,23.35714285714286,20.53666666666667,1.1999999999999993,2.241687069940953
2024-06-19,34.7,18.0,26.2,0.0,23.785714285714285,20.826666666666664,2.6999999999999993,2.3929398069196064
2024-06-20,35.6,20.0,27.2,0.0,24.157142857142855,21.103333333333335,1.0,2.6305215601019354
2024-06-21,32.6,21.3,26.4,0.0,24.37142857142857,21.39,-0.8000000000000007,2.7250245174474754
2024-06-22,24.7,22.6,23.3,26.3,24.45714285714286,21.58,-3.099999999999998,2.6493200168579714
2024-06-23,28.6,20.7,24.0,7.2,24.7,21.75333333333333,0.6999999999999993,2.631209677660879
2024-06-24,26.6,19.6,22.6,11.1,24.742857142857144,21.84333333333333,-1.3999999999999986,2.611735231515707
2024-06-25,24.9,16.2,20.9,1.0,24.371428571428574,21.923333333333332,-1.7000000000000028,2.5416100427082777
2024-06-26,29.0,16.5,22.2,0.3,23.8,22.076666666666664,1.3000000000000007,2.4069845684266116
2024-06-27,30.1,18.9,24.5,0.0,23.414285714285715,22.3,2.3000000000000007,2.3051666107785858
2024-06-28,30.8,19.3,24.5,0.0,23.142857142857142,22.490000000000002,0.0,2.2407434111211635
2024-06-29,32.7,19.4,25.4,34.5,23.442857142857143,22.71333333333333,0.8999999999999986,2.1831223026907787
2024-06-30,24.8,20.9,22.9,4.5,23.28571428571429,22.85333333333333,-2.5,2.047325140246462
2024-07-01,29.8,20.3,24.1,0.0,23.5,23.0,1.2000000000000028,1.9697715603592545
2024-07-02,24.2,21.8,23.1,57.7,23.814285714285717,23.136666666666667,-1.0,1.819147836371426
2024-07-03,26.5,22.6,24.1,5.5,24.085714285714285,23.253333333333334,1.0,1.7621956001912664
2024-07-04,28.8,21.1,24.9,4.1,24.142857142857142,23.376666666666665,0.7999999999999972,1.7429035095719674
2024-07-05,24.8,21.1,23.1,1.9,23.942857142857143,23.4,-1.7999999999999972,1.7340405277052373
2024-07-06,29.8,20.9,24.3,25.1,23.785714285714285,23.459999999999997,1.1999999999999993,1.7329663625683047
2024-07-07,27.3,19.3,23.4,18.1,23.85714285714286,23.54,-0.9000000000000021,1.6697305171793786
2024-07-08,25.3,21.9,23.1,37.7,23.714285714285715,23.663333333333334,-0.29999999999999716,1.4791617694593096
2024-07-09,26.4,20.5,23.2,8.3,23.728571428571428,23.743333333333336,0.09999999999999787,1.3805754255915301
2024-07-10,30.1,22.1,25.5,15.1,23.928571428571427,23.846666666666668,2.3000000000000007,1.3925252014889042
2024-07-11,27.1,21.2,23.6,0.4,23.742857142857144,23.866666666666667,-1.8999999999999986,1.3842297331090285
2024-07-12,30.1,20.7,24.4,0.6,23.928571428571427,23.90666666666667,0.7999999999999972,1.3816365441859113
2024-07-13,31.1,21.8,25.8,5.6,24.142857142857142,23.946666666666665,1.4000000000000021,1.4192599658183886
2024-07-14,30.5,22.3,25.9,1.4,24.500000000000004,23.98,0.09999999999999787,1.4537466458585304
2024-07-15,30.8,22.0,26.4,0.3,24.97142857142857,24.103333333333335,0.5,1.4976955478411107
2024-07-16,29.8,23.2,25.5,17.8,25.300000000000004,24.21,-0.8999999999999986,1.4786643553768926
2024-07-17,26.9,22.3,24.7,89.6,25.185714285714287,24.29,-0.8000000000000007,1.436074630660843
2024-07-18,25.4,23.3,24.4,60.6,25.300000000000004,24.319999999999997,-0.3000000000000007,1.4283822534843587
2024-07-19,29.0,23.1,25.2,1.2,25.414285714285715,24.28666666666667,0.8000000000000007,1.394257516740934
2024-07-20,29.6,22.4,25.3,25.8,25.342857142857145,24.223333333333333,0.10000000000000142,1.29712768449569
2024-07-21,29.0,22.7,25.5,7.4,25.285714285714285,24.19333333333333,0.1999999999999993,1.2547656281590158
2024-07-22,27.6,24.6,26.1,41.4,25.242857142857144,24.28666666666667,0.6000000000000014,1.2896760708860897
2024-07-23,26.5,23.7,24.9,26.2,25.157142857142862,24.316666666666666,-1.2000000000000028,1.2932406057528136
2024-07-24,30.5,23.7,25.9,3.4,25.328571428571426,24.42666666666667,1.0,1.282490393412553
2024-07-25,31.9,23.1,27.2,5.5,25.72857142857143,24.636666666666667,1.3000000000000007,1.1981259312470074
2024-07-26,32.8,24.8,27.4,18.0,26.042857142857144,24.81,0.1999999999999993,1.209545369136711
2024-07-27,30.0,25.2,27.0,39.4,26.285714285714285,24.89333333333333,-0.3999999999999986,1.2719611069019852
2024-07-28,31.0,25.9,28.0,0.4,26.642857142857142,25.009999999999998,1.0,1.3897035158871187
2024-07-29,28.3,25.3,26.6,2.1,26.714285714285715,25.05,-1.3999999999999986,1.4182918332056993
2024-07-30,30.3,24.7,26.8,0.9,26.985714285714288,25.180000000000003,0.1999999999999993,1.3929378529098178
2024-07-31,31.3,24.7,27.4,0.7,27.2,25.290000000000003,0.5999999999999979,1.434392818798509
2024-08-01,31.9,25.0,28.1,1.0,27.328571428571426,25.456666666666667,0.7000000000000028,1.4613841651533512
2024-08-02,30.1,25.3,27.4,11.1,27.32857142857143,25.566666666666666,-0.7000000000000028,1.4798260227037832
2024-08-03,31.9,24.3,27.8,5.6,27.442857142857147,25.663333333333334,0.40000000000000213,1.5286873642021426
2024-08-04,33.4,24.1,28.9,0.0,27.571428571428573,25.856666666666666,1.0999999999999979,1.5597708349213637
2024-08-05,31.5,25.7,28.1,15.7,27.785714285714285,25.983333333333334,-0.7999999999999972,1.5831185577258933
2024-08-06,31.0,24.9,27.7,3.2,27.914285714285715,26.12666666666667,-0.40000000000000213,1.5350914458515013
2024-08-07,30.9,24.4,27.2,2.2,27.885714285714283,26.263333333333332,-0.5,1.4356263401406921
2024-08-08,29.4,23.2,26.4,6.5,27.642857142857142,26.37,-0.8000000000000007,1.3138912987106635
2024-08-09,31.9,24.2,27.2,0.0,27.614285714285717,26.426666666666666,0.8000000000000007,1.311733081903832
2024-08-10,32.1,24.2,27.8,0.0,27.61428571428571,26.566666666666666,0.6000000000000014,1.22060847837104
2024-08-11,32.7,25.0,28.5,0.4,27.557142857142857,26.703333333333333,0.6999999999999993,1.1989890377495849
2024-08-12,32.3,25.9,29.0,0.4,27.685714285714287,26.810000000000002,0.5,1.2568021817843589
2024-08-13,33.6,25.4,28.8,0.6,27.842857142857145,26.90666666666667,-0.1999999999999993,1.2953320259575363
2024-08-14,32.7,25.3,28.4,0.1,28.014285714285716,26.973333333333333,-0.40000000000000213,1.3195958977404114
2024-08-15,32.3,25.6,28.0,8.4,28.242857142857144,27.056666666666665,-0.3999999999999986,1.3021688362731256
2024-08-16,31.8,24.9,28.2,0.1,28.38571428571429,27.173333333333336,0.1999999999999993,1.2390021940180707
2024-08-17,32.4,25.3,28.1,2.1,28.428571428571427,27.29666666666667,-0.09999999999999787,1.1330408682811852
2024-08-18,32.3,24.2,27.1,21.2,28.22857142857143,27.36,-1.0,1.0627225933162452
2024-08-19,32.6,24.8,27.8,6.9,28.057142857142857,27.443333333333335,0.6999999999999993,0.9912316731647716
2024-08-20,34.0,25.6,28.8,10.1,28.057142857142857,27.553333333333335,1.0,0.9504022137053678
2024-08-21,28.7,25.3,26.4,71.5,27.771428571428576,27.563333333333333,-2.400000000000002,0.9360530980125124
2024-08-22,30.9,25.0,27.4,5.9,27.685714285714287,27.64666666666667,1.0,0.7907802054511112
2024-08-23,29.5,24.2,26.3,4.3,27.414285714285715,27.66,-1.0999999999999979,0.763205580836944
2024-08-24,29.5,22.5,25.8,0.8,27.08571428571429,27.613333333333333,-0.5,0.8320035366856562
2024-08-25,30.6,24.2,26.8,0.7,27.042857142857144,27.593333333333337,1.0,0.8444273037179323
2024-08-26,29.3,23.4,26.4,0.8,26.842857142857145,27.573333333333334,-0.40000000000000213,0.8657997432445155
2024-08-27,26.6,22.1,24.2,2.0,26.185714285714287,27.44666666666667,-2.1999999999999993,1.0578877240905973
2024-08-28,31.4,20.9,26.1,0.0,26.142857142857142,27.43,1.9000000000000021,1.0754790432238874
2024-08-29,30.8,20.9,26.0,0.0,25.942857142857147,27.40333333333333,-0.10000000000000142,1.1012479858945292
2024-08-30,31.2,21.2,26.0,0.0,25.900000000000002,27.356666666666666,0.0,1.130664538601327
2024-08-31,29.9,19.4,24.7,0.0,25.742857142857144,27.243333333333332,-1.3000000000000007,1.2204248365258614
2024-09-01,28.3,20.8,24.5,0.0,25.414285714285715,27.146666666666665,-0.1999999999999993,1.3184979262817136
2024-09-02,25.5,20.4,22.7,27.0,24.885714285714283,26.97666666666667,-1.8000000000000007,1.5413123233663284
2024-09-03,29.3,20.5,24.2,0.0,24.88571428571429,26.82,1.5,1.577514413290074
2024-09-04,29.9,19.9,24.6,0.0,24.671428571428574,26.703333333333333,0.40000000000000213,1.6087011966893932
2024-09-05,27.5,22.6,24.8,2.0,24.5,26.606666666666666,0.1999999999999993,1.6336828150623026
2024-09-06,25.9,21.5,23.7,1.7,24.171428571428574,26.490000000000002,-1.1000000000000014,1.712902356457784
2024-09-07,29.1,21.1,24.3,1.7,24.114285714285717,26.419999999999998,0.6000000000000014,1.7589965791658757
2024-09-08,29.9,20.1,24.6,0.0,24.12857142857143,26.333333333333332,0.3000000000000007,1.7831265322138732
2024-09-09,31.2,22.3,26.4,0.0,24.657142857142862,26.286666666666665,1.7999999999999972,1.7616084604179527
2024-09-10,31.4,23.4,27.0,0.4,25.05714285714286,26.236666666666665,0.6000000000000014,1.717352279113034
2024-09-11,32.7,22.7,26.9,8.3,25.385714285714283,26.166666666666668,-0.10000000000000142,1.6419780613708002
2024-09-12,25.3,24.0,24.7,28.4,25.371428571428574,26.029999999999998,-2.1999999999999993,1.5848746279144368
2024-09-13,27.6,23.4,24.9,17.2,25.54285714285714,25.913333333333334,0.1999999999999993,1.5323485093225437
2024-09-14,29.3,23.5,25.8,1.6,25.75714285714286,25.84,0.9000000000000021,1.4808199033666898
2024-09-15,29.8,22.2,25.3,0.6,25.857142857142858,25.743333333333332,-0.5,1.4146239498680455
2024-09-16,31.0,20.5,25.4,0.7,25.714285714285715,25.65333333333333,0.09999999999999787,1.3436269323489234
2024-09-17,30.8,24.7,27.2,5.6,25.742857142857144,25.65666666666667,1.8000000000000007,1.347458228725835
2024-09-18,29.7,23.7,26.6,10.9,25.7,25.616666666666667,-0.5999999999999979,1.2985624235346327
2024-09-19,29.4,24.5,26.4,1.5,25.942857142857147,25.53666666666667,-0.20000000000000284,1.1624834691693486
2024-09-20,26.9,16.9,24.2,69.6,25.842857142857145,25.463333333333335,-2.1999999999999993,1.175462735980267
2024-09-21,21.7,17.1,19.0,28.3,24.87142857142857,25.183333333333334,-5.199999999999999,1.616100742279227
2024-09-22,23.6,17.3,19.9,0.3,24.1,24.970000000000002,0.8999999999999986,1.8666122734275645
2024-09-23,23.7,14.8,18.8,0.0,23.157142857142862,24.736666666666668,-1.0999999999999979,2.1718390956678513
2024-09-24,23.5,13.7,18.2,0.0,21.871428571428574,24.45,-0.6000000000000014,2.4409932969719867
2024-09-25,25.9,16.1,20.7,0.5,21.02857142857143,24.259999999999998,2.5,2.5049743614904023
2024-09-26,26.0,18.6,21.3,3.4,20.3,24.163333333333334,0.6000000000000014,2.5626607042403386
2024-09-27,26.0,16.4,21.0,0.3,19.842857142857145,23.993333333333336,-0.3000000000000007,2.598664555356172
2024-09-28,26.0,17.8,21.3,0.0,20.17142857142857,23.836666666666666,0.3000000000000007,2.6151393888258876
2024-09-29,26.5,17.8,21.4,0.0,20.38571428571429,23.683333333333334,0.09999999999999787,2.618776146551527
2024-09-30,25.4,15.8,20.3,0.0,20.599999999999998,23.53666666666667,-1.0999999999999979,2.6823154348350173
2024-10-01,20.2,12.2,17.2,5.8,20.45714285714286,23.293333333333333,-3.1000000000000014,2.9131015978747445
2024-10-02,17.9,9.6,12.9,0.0,19.342857142857145,22.966666666666665,-4.299999999999999,3.476852850945322
2024-10-03,20.1,7.8,13.6,0.0,18.242857142857144,22.613333333333333,0.6999999999999993,3.8642243574950026
2024-10-04,20.9,8.5,14.4,0.0,17.3,22.273333333333333,0.8000000000000007,4.123434568861057
2024-10-05,21.1,8.7,14.4,0.0,16.314285714285717,21.92666666666667,0.0,4.335414177671408
2024-10-06,16.7,9.0,13.3,0.1,15.157142857142858,21.58,-1.0999999999999996,4.596655455797246
2024-10-07,19.8,12.2,15.5,0.0,14.471428571428573,21.28666666666667,2.1999999999999993,4.696787848301676
2024-10-08,20.5,9.9,15.5,0.5,14.22857142857143,20.983333333333334,0.0,4.768725943733511
2024-10-09,21.9,11.8,16.5,0.0,14.742857142857144,20.653333333333332,1.0,4.723290300666275
2024-10-10,21.0,12.7,16.5,0.3,15.157142857142858,20.303333333333335,0.0,4.624782070044233
2024-10-11,21.6,11.1,15.8,0.0,15.357142857142858,19.933333333333334,-0.6999999999999993,4.521697372274833
2024-10-12,20.8,9.8,15.1,0.0,15.457142857142859,19.613333333333333,-0.7000000000000011,4.512414548495254
2024-10-13,22.3,10.0,15.8,0.0,15.814285714285715,19.310000000000002,0.7000000000000011,4.450211153456116
2024-10-14,21.1,15.2,17.7,0.2,16.12857142857143,19.04,1.8999999999999986,4.285549093696532
2024-10-15,21.5,14.6,17.4,2.3,16.400000000000002,18.776666666666664,-0.3000000000000007,4.127425793174402
2024-10-16,21.2,12.6,15.6,0.0,16.271428571428572,18.45,-1.799999999999999,3.969951793331974
2024-10-17,23.2,10.3,16.5,0.0,16.271428571428572,18.09333333333333,0.9000000000000004,3.6221477086100413
2024-10-18,18.5,15.2,16.1,41.1,16.314285714285713,17.743333333333332,-0.3999999999999986,3.261127722581407
2024-10-19,20.5,11.5,15.7,9.5,16.400000000000002,17.386666666666667,-0.40000000000000213,2.839588767377523
2024-10-20,16.8,9.0,12.1,0.0,15.871428571428572,16.983333333333334,-3.5999999999999996,2.6940654234349357
2024-10-21,17.2,7.7,12.4,0.8,15.114285714285716,16.763333333333332,0.3000000000000007,2.791425705847267
2024-10-22,16.6,12.9,14.9,13.7,14.757142857142856,16.596666666666668,2.5,2.7465945476527764
2024-10-23,15.0,7.2,11.9,0.8,14.22857142857143,16.366666666666667,-3.0,2.842938418357894
2024-10-24,16.5,4.6,10.6,0.0,13.385714285714286,16.113333333333333,-1.3000000000000007,3.0077753645641065
2024-10-25,19.4,6.1,11.9,0.0,12.785714285714286,15.819999999999999,1.3000000000000007,2.9739559164695177
2024-10-26,21.5,9.5,14.7,0.0,12.642857142857144,15.6,2.799999999999999,2.7932183884397324
2024-10-27,17.8,11.8,14.5,0.1,12.985714285714286,15.383333333333333,-0.1999999999999993,2.6057077049582493
2024-10-28,19.1,9.4,14.0,0.1,13.214285714285717,15.139999999999999,-0.5,2.363749213607109
2024-10-29,16.9,9.1,13.1,0.2,12.957142857142857,14.863333333333333,-0.9000000000000004,2.073724507579054
2024-10-30,18.3,8.8,13.3,0.0,13.157142857142858,14.63,0.20000000000000107,1.819084650454154
2024-10-31,19.5,7.7,12.7,0.0,13.457142857142857,14.479999999999999,-0.6000000000000014,1.7850721998343286
2024-11-01,17.2,8.9,12.6,0.0,13.557142857142859,14.47,-0.09999999999999964,1.7950410618684418
2024-11-02,22.6,10.2,15.6,0.0,13.685714285714287,14.536666666666665,3.0,1.7987511632038247
2024-11-03,20.9,9.3,14.6,1.1,13.700000000000001,14.543333333333333,-1.0,1.798597793557298
2024-11-04,16.9,7.8,13.3,1.1,13.600000000000003,14.506666666666668,-1.299999999999999,1.8127771290318364
2024-11-05,12.9,4.9,8.1,0.0,12.885714285714286,14.333333333333334,-5.200000000000001,2.149472001459465
2024-11-06,9.8,1.7,5.3,0.0,11.742857142857144,13.993333333333334,-2.8,2.695837574833796
2024-11-07,11.6,-0.3,5.0,0.0,10.642857142857142,13.643333333333334,-0.2999999999999998,3.1387108415919998
2024-11-08,14.6,-0.5,6.5,0.0,9.771428571428572,13.31,1.5,3.34883922246676
2024-11-09,17.2,4.2,9.7,0.0,8.928571428571429,13.083333333333334,3.1999999999999993,3.35560091060679
2024-11-10,17.3,7.5,10.9,0.0,8.400000000000002,12.92,1.200000000000001,3.3380151029596865
2024-11-11,17.7,8.5,12.0,0.0,8.214285714285715,12.816666666666666,1.0999999999999996,3.316113567929039
2024-11-12,16.6,6.9,11.3,0.0,8.671428571428573,12.666666666666666,-0.6999999999999993,3.2780706408553115
2024-11-13,18.2,6.5,11.7,0.0,9.585714285714287,12.466666666666667,0.3999999999999986,3.140539524627561
2024-11-14,15.4,9.9,12.6,0.2,10.671428571428573,12.306666666666667,0.9000000000000004,2.9996474888679927
2024-11-15,18.4,11.4,14.1,0.0,11.757142857142858,12.256666666666666,1.5,2.955028832735756
2024-11-16,20.2,12.7,15.4,5.7,12.571428571428571,12.219999999999999,1.3000000000000007,2.906995130655703
2024-11-17,13.1,2.4,6.8,0.1,11.985714285714286,11.91,-8.600000000000001,2.9740660660984064
2024-11-18,5.5,-1.4,1.7,0.0,10.514285714285716,11.443333333333333,-5.1,3.423315929624933
2024-11-19,6.9,-0.9,2.4,0.0,9.242857142857144,11.120000000000001,0.7,3.796858955904911
2024-11-20,9.4,0.9,4.8,0.0,8.257142857142858,10.866666666666667,2.4,3.9586076734938684
2024-11-21,12.9,3.5,7.4,1.1,7.514285714285714,10.616666666666667,2.6000000000000005,3.931840258211519
2024-11-22,9.1,1.8,5.2,0.0,6.242857142857145,10.393333333333334,-2.2,4.045084998325628
2024-11-23,9.8,-0.5,4.2,0.0,4.642857142857144,10.18,-1.0,4.199622314709716
2024-11-24,10.9,1.0,5.4,0.0,4.442857142857144,9.963333333333335,1.2000000000000002,4.274824725855145
2024-11-25,14.1,1.9,8.0,0.0,5.342857142857143,9.740000000000002,2.5999999999999996,4.193064881855419
2024-11-26,11.1,1.6,6.7,21.3,5.957142857142858,9.48,-1.2999999999999998,4.1290727021101565
2024-11-27,1.2,-2.3,-0.7,10.9,5.171428571428572,8.990000000000002,-7.4,4.435075709807566
2024-11-28,1.1,-5.2,-1.9,0.7,3.842857142857144,8.49,-1.2,4.7872928063566444
2024-11-29,0.9,-7.8,-2.8,0.0,2.7000000000000006,7.953333333333333,-0.8999999999999999,5.120326857383011
2024-11-30,4.0,-4.5,0.0,0.0,2.100000000000001,7.53,2.8,5.238001066477059
2024-12-01,4.7,-2.9,1.1,0.3,1.4857142857142869,7.1466666666666665,1.1,5.274841611175595
2024-12-02,12.5,-0.4,5.4,0.2,1.1142857142857154,6.8066666666666675,4.300000000000001,5.034428593630946
2024-12-03,2.3,-4.3,-1.1,0.0,1.0785023667787234e-15,6.283333333333333,-6.5,5.012335358605559
2024-12-04,3.8,-2.1,0.3,0.0,0.14285714285714393,5.85,1.4000000000000001,4.94631524296215
2024-12-05,6.6,-1.9,1.4,0.0,0.6142857142857154,5.626666666666667,1.0999999999999999,4.992265281781335
2024-12-06,3.3,-2.6,0.1,0.0,1.0285714285714296,5.453333333333333,-1.2999999999999998,5.0932499842732994
2024-12-07,1.6,-3.5,-1.7,0.0,0.7857142857142867,5.23,-1.8,5.258041460468064
2024-12-08,2.2,-4.9,-2.0,0.0,0.3428571428571439,4.946666666666667,-0.30000000000000004,5.4139496280177735
2024-12-09,3.7,-4.5,-1.2,0.0,-0.5999999999999989,4.583333333333333,0.8,5.449586085726905
2024-12-10,5.1,-2.5,0.3,0.0,-0.39999999999999897,4.23,1.5,5.3689496821684175
2024-12-11,5.1,-2.3,0.4,0.0,-0.3857142857142846,3.8433333333333337,0.10000000000000003,5.205281358676945
2024-12-12,2.8,-4.6,-1.5,0.0,-0.7999999999999989,3.4166666666666665,-1.9,5.096454706432096
2024-12-13,2.9,-2.3,-0.5,0.0,-0.8857142857142846,3.0100000000000002,1.0,4.895483492025164
2024-12-14,0.9,-5.0,-2.3,0.0,-0.9714285714285704,2.513333333333333,-1.7999999999999998,4.638053495798246
2024-12-15,4.4,-2.7,-0.1,0.0,-0.6999999999999987,2.04,2.1999999999999997,4.109249449045903
2024-12-16,2.6,-3.8,-1.3,0.0,-0.7142857142857133,1.4833333333333334,-1.2,3.28560951500004
2024-12-17,0.8,-4.0,-2.0,0.0,-1.0428571428571418,1.1900000000000002,-0.7,3.185890229076557
2024-12-18,-1.2,-6.8,-4.3,0.0,-1.7142857142857133,0.9900000000000001,-2.3,3.3374933811120684
2024-12-19,1.7,-6.5,-3.2,0.0,-1.957142857142856,0.8033333333333333,1.0999999999999996,3.411692201556623
2024-12-20,2.7,-3.3,-0.8,0.8,-1.999999999999999,0.6166666666666667,2.4000000000000004,3.337879084330432
2024-12-21,0.8,-6.2,-1.5,0.7,-1.8857142857142846,0.32000000000000006,-0.7,3.1013234105060867
2024-12-22,-2.0,-8.7,-5.9,0.0,-2.714285714285713,-0.04999999999999997,-4.4,3.160614300831737
2024-12-23,3.3,-9.5,-3.5,0.0,-3.0285714285714276,-0.30666666666666664,2.4000000000000004,3.115913917333292
2024-12-24,1.1,-6.6,-2.9,0.0,-3.1571428571428557,-0.5833333333333334,0.6000000000000001,2.9561255319963946
2024-12-25,4.2,-4.9,-0.1,0.3,-2.557142857142856,-0.8533333333333333,2.8,2.47605544661546
2024-12-26,1.7,-5.2,-1.5,0.0,-2.314285714285713,-1.1266666666666665,-1.4,2.0250046118866925
2024-12-27,0.3,-6.0,-3.5,0.0,-2.699999999999999,-1.22,-2.0,2.068716076917761
2024-12-28,-0.2,-6.7,-3.9,0.0,-3.042857142857142,-1.2866666666666664,-0.3999999999999999,2.122901939251934
2024-12-29,3.1,-5.3,-1.4,0.0,-2.399999999999999,-1.24,2.5,2.103789683995104
2024-12-30,8.5,-0.9,3.2,0.3,-1.4428571428571417,-1.1333333333333333,4.6,2.2451992206107994
2024-12-31,2.1,-3.6,-1.1,0.1,-1.1857142857142846,-1.2066666666666668,-4.300000000000001,2.20531229055026
